{"cameraMode":{"drawMode":0,"name":"Shaded","section":"Shading Mode"},"sceneLighting":false,"audioPlay":false,"sceneViewState":{"showFog":true,"showMaterialUpdate":false,"showSkybox":false,"showFlares":true,"showImageEffects":true,"showParticleSystems":true},"in2DMode":false,"pivot":{"x":-0.007999062538146973,"y":0.873903751373291,"z":0.48715391755104067},"rotation":{"x":0.051341600716114047,"y":0.8919461369514465,"z":-0.10483648627996445,"w":0.4368133246898651},"size":1.1856101751327515,"orthographic":false}